[
  {
    "code": "AF",
    "label": "Afghanistan",
    "name": "Afghanistan"
  },
  {
    "code": "AX",
    "label": "Åland Islands",
    "name": "Åland Islands"
  },
  {
    "code": "AL",
    "label": "Albania",
    "name": "Albania"
  },
  {
    "code": "DZ",
    "label": "Algeria",
    "name": "Algeria"
  },
  {
    "code": "AS",
    "label": "American Samoa",
    "name": "American Samoa"
  },
  {
    "code": "AD",
    "label": "Andorra",
    "name": "Andorra"
  },
  {
    "code": "AO",
    "label": "Angola",
    "name": "Angola"
  },
  {
    "code": "AI",
    "label": "Anguilla",
    "name": "Anguilla"
  },
  {
    "code": "AQ",
    "label": "Antarctica",
    "name": "Antarctica"
  },
  {
    "code": "AG",
    "label": "Antigua &amp; Barbuda",
    "name": "Antigua & Barbuda"
  },
  {
    "code": "AR",
    "label": "Argentina",
    "name": "Argentina"
  },
  {
    "code": "AM",
    "label": "Armenia",
    "name": "Armenia"
  },
  {
    "code": "AW",
    "label": "Aruba",
    "name": "Aruba"
  },
  {
    "code": "AU",
    "label": "Australia",
    "name": "Australia"
  },
  {
    "code": "AT",
    "label": "Austria",
    "name": "Austria"
  },
  {
    "code": "AZ",
    "label": "Azerbaijan",
    "name": "Azerbaijan"
  },
  {
    "code": "BS",
    "label": "Bahamas",
    "name": "Bahamas"
  },
  {
    "code": "BH",
    "label": "Bahrain",
    "name": "Bahrain"
  },
  {
    "code": "BD",
    "label": "Bangladesh",
    "name": "Bangladesh"
  },
  {
    "code": "BB",
    "label": "Barbados",
    "name": "Barbados"
  },
  {
    "code": "BY",
    "label": "Belarus",
    "name": "Belarus"
  },
  {
    "code": "BE",
    "label": "Belgium",
    "name": "Belgium"
  },
  {
    "code": "BZ",
    "label": "Belize",
    "name": "Belize"
  },
  {
    "code": "BJ",
    "label": "Benin",
    "name": "Benin"
  },
  {
    "code": "BM",
    "label": "Bermuda",
    "name": "Bermuda"
  },
  {
    "code": "BT",
    "label": "Bhutan",
    "name": "Bhutan"
  },
  {
    "code": "BO",
    "label": "Bolivia",
    "name": "Bolivia"
  },
  {
    "code": "BA",
    "label": "Bosnia &amp; Herzegovina",
    "name": "Bosnia & Herzegovina"
  },
  {
    "code": "BW",
    "label": "Botswana",
    "name": "Botswana"
  },
  {
    "code": "BR",
    "label": "Brazil",
    "name": "Brazil"
  },
  {
    "code": "IO",
    "label": "British Indian Ocean Territory",
    "name": "British Indian Ocean Territory"
  },
  {
    "code": "VG",
    "label": "British Virgin Islands",
    "name": "British Virgin Islands"
  },
  {
    "code": "BN",
    "label": "Brunei",
    "name": "Brunei"
  },
  {
    "code": "BG",
    "label": "Bulgaria",
    "name": "Bulgaria"
  },
  {
    "code": "BF",
    "label": "Burkina Faso",
    "name": "Burkina Faso"
  },
  {
    "code": "BI",
    "label": "Burundi",
    "name": "Burundi"
  },
  {
    "code": "KH",
    "label": "Cambodia",
    "name": "Cambodia"
  },
  {
    "code": "CM",
    "label": "Cameroon",
    "name": "Cameroon"
  },
  {
    "code": "CA",
    "label": "Canada",
    "name": "Canada"
  },
  {
    "code": "CV",
    "label": "Cape Verde",
    "name": "Cape Verde"
  },
  {
    "code": "BQ",
    "label": "Caribbean Netherlands",
    "name": "Caribbean Netherlands"
  },
  {
    "code": "KY",
    "label": "Cayman Islands",
    "name": "Cayman Islands"
  },
  {
    "code": "CF",
    "label": "Central African Republic",
    "name": "Central African Republic"
  },
  {
    "code": "TD",
    "label": "Chad",
    "name": "Chad"
  },
  {
    "code": "CL",
    "label": "Chile",
    "name": "Chile"
  },
  {
    "code": "CN",
    "label": "China",
    "name": "China"
  },
  {
    "code": "CX",
    "label": "Christmas Island",
    "name": "Christmas Island"
  },
  {
    "code": "CC",
    "label": "Cocos (Keeling) Islands",
    "name": "Cocos (Keeling) Islands"
  },
  {
    "code": "CO",
    "label": "Colombia",
    "name": "Colombia"
  },
  {
    "code": "KM",
    "label": "Comoros",
    "name": "Comoros"
  },
  {
    "code": "CG",
    "label": "Congo - Brazzaville",
    "name": "Congo - Brazzaville"
  },
  {
    "code": "CD",
    "label": "Congo - Kinshasa",
    "name": "Congo - Kinshasa"
  },
  {
    "code": "CK",
    "label": "Cook Islands",
    "name": "Cook Islands"
  },
  {
    "code": "CR",
    "label": "Costa Rica",
    "name": "Costa Rica"
  },
  {
    "code": "CI",
    "label": "Côte d’Ivoire",
    "name": "Côte d’Ivoire"
  },
  {
    "code": "HR",
    "label": "Croatia",
    "name": "Croatia"
  },
  {
    "code": "CU",
    "label": "Cuba",
    "name": "Cuba"
  },
  {
    "code": "CW",
    "label": "Curaçao",
    "name": "Curaçao"
  },
  {
    "code": "CY",
    "label": "Cyprus",
    "name": "Cyprus"
  },
  {
    "code": "CZ",
    "label": "Czech Republic",
    "name": "Czech Republic"
  },
  {
    "code": "DK",
    "label": "Denmark",
    "name": "Denmark"
  },
  {
    "code": "DJ",
    "label": "Djibouti",
    "name": "Djibouti"
  },
  {
    "code": "DM",
    "label": "Dominica",
    "name": "Dominica"
  },
  {
    "code": "DO",
    "label": "Dominican Republic",
    "name": "Dominican Republic"
  },
  {
    "code": "EC",
    "label": "Ecuador",
    "name": "Ecuador"
  },
  {
    "code": "EG",
    "label": "Egypt",
    "name": "Egypt"
  },
  {
    "code": "SV",
    "label": "El Salvador",
    "name": "El Salvador"
  },
  {
    "code": "GQ",
    "label": "Equatorial Guinea",
    "name": "Equatorial Guinea"
  },
  {
    "code": "ER",
    "label": "Eritrea",
    "name": "Eritrea"
  },
  {
    "code": "EE",
    "label": "Estonia",
    "name": "Estonia"
  },
  {
    "code": "SZ",
    "label": "Eswatini",
    "name": "Eswatini"
  },
  {
    "code": "ET",
    "label": "Ethiopia",
    "name": "Ethiopia"
  },
  {
    "code": "FK",
    "label": "Falkland Islands",
    "name": "Falkland Islands"
  },
  {
    "code": "FO",
    "label": "Faroe Islands",
    "name": "Faroe Islands"
  },
  {
    "code": "FJ",
    "label": "Fiji",
    "name": "Fiji"
  },
  {
    "code": "FI",
    "label": "Finland",
    "name": "Finland"
  },
  {
    "code": "FR",
    "label": "France",
    "name": "France"
  },
  {
    "code": "GF",
    "label": "French Guiana",
    "name": "French Guiana"
  },
  {
    "code": "PF",
    "label": "French Polynesia",
    "name": "French Polynesia"
  },
  {
    "code": "TF",
    "label": "French Southern Territories",
    "name": "French Southern Territories"
  },
  {
    "code": "GA",
    "label": "Gabon",
    "name": "Gabon"
  },
  {
    "code": "GM",
    "label": "Gambia",
    "name": "Gambia"
  },
  {
    "code": "GE",
    "label": "Georgia",
    "name": "Georgia"
  },
  {
    "code": "DE",
    "label": "Germany",
    "name": "Germany"
  },
  {
    "code": "GH",
    "label": "Ghana",
    "name": "Ghana"
  },
  {
    "code": "GI",
    "label": "Gibraltar",
    "name": "Gibraltar"
  },
  {
    "code": "GR",
    "label": "Greece",
    "name": "Greece"
  },
  {
    "code": "GL",
    "label": "Greenland",
    "name": "Greenland"
  },
  {
    "code": "GD",
    "label": "Grenada",
    "name": "Grenada"
  },
  {
    "code": "GP",
    "label": "Guadeloupe",
    "name": "Guadeloupe"
  },
  {
    "code": "GU",
    "label": "Guam",
    "name": "Guam"
  },
  {
    "code": "GT",
    "label": "Guatemala",
    "name": "Guatemala"
  },
  {
    "code": "GG",
    "label": "Guernsey",
    "name": "Guernsey"
  },
  {
    "code": "GN",
    "label": "Guinea",
    "name": "Guinea"
  },
  {
    "code": "GW",
    "label": "Guinea-Bissau",
    "name": "Guinea-Bissau"
  },
  {
    "code": "GY",
    "label": "Guyana",
    "name": "Guyana"
  },
  {
    "code": "HT",
    "label": "Haiti",
    "name": "Haiti"
  },
  {
    "code": "HM",
    "label": "Heard &amp; McDonald Islands",
    "name": "Heard & McDonald Islands"
  },
  {
    "code": "HN",
    "label": "Honduras",
    "name": "Honduras"
  },
  {
    "code": "HK",
    "label": "Hong Kong",
    "name": "Hong Kong"
  },
  {
    "code": "HU",
    "label": "Hungary",
    "name": "Hungary"
  },
  {
    "code": "IS",
    "label": "Iceland",
    "name": "Iceland"
  },
  {
    "code": "IN",
    "label": "India",
    "name": "India"
  },
  {
    "code": "ID",
    "label": "Indonesia",
    "name": "Indonesia"
  },
  {
    "code": "IR",
    "label": "Iran",
    "name": "Iran"
  },
  {
    "code": "IQ",
    "label": "Iraq",
    "name": "Iraq"
  },
  {
    "code": "IE",
    "label": "Ireland",
    "name": "Ireland"
  },
  {
    "code": "IM",
    "label": "Isle of Man",
    "name": "Isle of Man"
  },
  {
    "code": "IL",
    "label": "Israel",
    "name": "Israel"
  },
  {
    "code": "IT",
    "label": "Italy",
    "name": "Italy"
  },
  {
    "code": "JM",
    "label": "Jamaica",
    "name": "Jamaica"
  },
  {
    "code": "JP",
    "label": "Japan",
    "name": "Japan"
  },
  {
    "code": "JE",
    "label": "Jersey",
    "name": "Jersey"
  },
  {
    "code": "JO",
    "label": "Jordan",
    "name": "Jordan"
  },
  {
    "code": "KZ",
    "label": "Kazakhstan",
    "name": "Kazakhstan"
  },
  {
    "code": "KE",
    "label": "Kenya",
    "name": "Kenya"
  },
  {
    "code": "KI",
    "label": "Kiribati",
    "name": "Kiribati"
  },
  {
    "code": "KW",
    "label": "Kuwait",
    "name": "Kuwait"
  },
  {
    "code": "KG",
    "label": "Kyrgyzstan",
    "name": "Kyrgyzstan"
  },
  {
    "code": "LA",
    "label": "Laos",
    "name": "Laos"
  },
  {
    "code": "LV",
    "label": "Latvia",
    "name": "Latvia"
  },
  {
    "code": "LB",
    "label": "Lebanon",
    "name": "Lebanon"
  },
  {
    "code": "LS",
    "label": "Lesotho",
    "name": "Lesotho"
  },
  {
    "code": "LR",
    "label": "Liberia",
    "name": "Liberia"
  },
  {
    "code": "LY",
    "label": "Libya",
    "name": "Libya"
  },
  {
    "code": "LI",
    "label": "Liechtenstein",
    "name": "Liechtenstein"
  },
  {
    "code": "LT",
    "label": "Lithuania",
    "name": "Lithuania"
  },
  {
    "code": "LU",
    "label": "Luxembourg",
    "name": "Luxembourg"
  },
  {
    "code": "MO",
    "label": "Macao SAR China",
    "name": "Macao SAR China"
  },
  {
    "code": "MG",
    "label": "Madagascar",
    "name": "Madagascar"
  },
  {
    "code": "MW",
    "label": "Malawi",
    "name": "Malawi"
  },
  {
    "code": "MY",
    "label": "Malaysia",
    "name": "Malaysia"
  },
  {
    "code": "MV",
    "label": "Maldives",
    "name": "Maldives"
  },
  {
    "code": "ML",
    "label": "Mali",
    "name": "Mali"
  },
  {
    "code": "MT",
    "label": "Malta",
    "name": "Malta"
  },
  {
    "code": "MH",
    "label": "Marshall Islands",
    "name": "Marshall Islands"
  },
  {
    "code": "MQ",
    "label": "Martinique",
    "name": "Martinique"
  },
  {
    "code": "MR",
    "label": "Mauritania",
    "name": "Mauritania"
  },
  {
    "code": "MU",
    "label": "Mauritius",
    "name": "Mauritius"
  },
  {
    "code": "YT",
    "label": "Mayotte",
    "name": "Mayotte"
  },
  {
    "code": "MX",
    "label": "Mexico",
    "name": "Mexico"
  },
  {
    "code": "FM",
    "label": "Micronesia",
    "name": "Micronesia"
  },
  {
    "code": "MD",
    "label": "Moldova",
    "name": "Moldova"
  },
  {
    "code": "MC",
    "label": "Monaco",
    "name": "Monaco"
  },
  {
    "code": "MN",
    "label": "Mongolia",
    "name": "Mongolia"
  },
  {
    "code": "ME",
    "label": "Montenegro",
    "name": "Montenegro"
  },
  {
    "code": "MS",
    "label": "Montserrat",
    "name": "Montserrat"
  },
  {
    "code": "MA",
    "label": "Morocco",
    "name": "Morocco"
  },
  {
    "code": "MZ",
    "label": "Mozambique",
    "name": "Mozambique"
  },
  {
    "code": "MM",
    "label": "Myanmar (Burma)",
    "name": "Myanmar (Burma)"
  },
  {
    "code": "NA",
    "label": "Namibia",
    "name": "Namibia"
  },
  {
    "code": "NR",
    "label": "Nauru",
    "name": "Nauru"
  },
  {
    "code": "NP",
    "label": "Nepal",
    "name": "Nepal"
  },
  {
    "code": "NL",
    "label": "Netherlands",
    "name": "Netherlands"
  },
  {
    "code": "AN",
    "label": "Netherlands Antilles",
    "name": "Netherlands Antilles"
  },
  {
    "code": "NC",
    "label": "New Caledonia",
    "name": "New Caledonia"
  },
  {
    "code": "NZ",
    "label": "New Zealand",
    "name": "New Zealand"
  },
  {
    "code": "NI",
    "label": "Nicaragua",
    "name": "Nicaragua"
  },
  {
    "code": "NE",
    "label": "Niger",
    "name": "Niger"
  },
  {
    "code": "NG",
    "label": "Nigeria",
    "name": "Nigeria"
  },
  {
    "code": "NU",
    "label": "Niue",
    "name": "Niue"
  },
  {
    "code": "NF",
    "label": "Norfolk Island",
    "name": "Norfolk Island"
  },
  {
    "code": "MP",
    "label": "Northern Mariana Islands",
    "name": "Northern Mariana Islands"
  },
  {
    "code": "KP",
    "label": "North Korea",
    "name": "North Korea"
  },
  {
    "code": "MK",
    "label": "North Macedonia",
    "name": "North Macedonia"
  },
  {
    "code": "NO",
    "label": "Norway",
    "name": "Norway"
  },
  {
    "code": "OM",
    "label": "Oman",
    "name": "Oman"
  },
  {
    "code": "PK",
    "label": "Pakistan",
    "name": "Pakistan"
  },
  {
    "code": "PW",
    "label": "Palau",
    "name": "Palau"
  },
  {
    "code": "PS",
    "label": "Palestinian Territories",
    "name": "Palestinian Territories"
  },
  {
    "code": "PA",
    "label": "Panama",
    "name": "Panama"
  },
  {
    "code": "PG",
    "label": "Papua New Guinea",
    "name": "Papua New Guinea"
  },
  {
    "code": "PY",
    "label": "Paraguay",
    "name": "Paraguay"
  },
  {
    "code": "PE",
    "label": "Peru",
    "name": "Peru"
  },
  {
    "code": "PH",
    "label": "Philippines",
    "name": "Philippines"
  },
  {
    "code": "PN",
    "label": "Pitcairn Islands",
    "name": "Pitcairn Islands"
  },
  {
    "code": "PL",
    "label": "Poland",
    "name": "Poland"
  },
  {
    "code": "PT",
    "label": "Portugal",
    "name": "Portugal"
  },
  {
    "code": "PR",
    "label": "Puerto Rico",
    "name": "Puerto Rico"
  },
  {
    "code": "QA",
    "label": "Qatar",
    "name": "Qatar"
  },
  {
    "code": "RE",
    "label": "Réunion",
    "name": "Réunion"
  },
  {
    "code": "RO",
    "label": "Romania",
    "name": "Romania"
  },
  {
    "code": "RU",
    "label": "Russia",
    "name": "Russia"
  },
  {
    "code": "RW",
    "label": "Rwanda",
    "name": "Rwanda"
  },
  {
    "code": "WS",
    "label": "Samoa",
    "name": "Samoa"
  },
  {
    "code": "SM",
    "label": "San Marino",
    "name": "San Marino"
  },
  {
    "code": "ST",
    "label": "São Tomé &amp; Príncipe",
    "name": "São Tomé & Príncipe"
  },
  {
    "code": "SA",
    "label": "Saudi Arabia",
    "name": "Saudi Arabia"
  },
  {
    "code": "SN",
    "label": "Senegal",
    "name": "Senegal"
  },
  {
    "code": "RS",
    "label": "Serbia",
    "name": "Serbia"
  },
  {
    "code": "SC",
    "label": "Seychelles",
    "name": "Seychelles"
  },
  {
    "code": "SL",
    "label": "Sierra Leone",
    "name": "Sierra Leone"
  },
  {
    "code": "SG",
    "label": "Singapore",
    "name": "Singapore"
  },
  {
    "code": "SX",
    "label": "Sint Maarten",
    "name": "Sint Maarten"
  },
  {
    "code": "SK",
    "label": "Slovakia",
    "name": "Slovakia"
  },
  {
    "code": "SI",
    "label": "Slovenia",
    "name": "Slovenia"
  },
  {
    "code": "SB",
    "label": "Solomon Islands",
    "name": "Solomon Islands"
  },
  {
    "code": "SO",
    "label": "Somalia",
    "name": "Somalia"
  },
  {
    "code": "ZA",
    "label": "South Africa",
    "name": "South Africa"
  },
  {
    "code": "GS",
    "label": "South Georgia &amp; South Sandwich Islands",
    "name": "South Georgia & South Sandwich Islands"
  },
  {
    "code": "KR",
    "label": "South Korea",
    "name": "South Korea"
  },
  {
    "code": "SS",
    "label": "South Sudan",
    "name": "South Sudan"
  },
  {
    "code": "ES",
    "label": "Spain",
    "name": "Spain"
  },
  {
    "code": "LK",
    "label": "Sri Lanka",
    "name": "Sri Lanka"
  },
  {
    "code": "BL",
    "label": "St. Barthélemy",
    "name": "St. Barthélemy"
  },
  {
    "code": "SH",
    "label": "St. Helena",
    "name": "St. Helena"
  },
  {
    "code": "KN",
    "label": "St. Kitts &amp; Nevis",
    "name": "St. Kitts & Nevis"
  },
  {
    "code": "LC",
    "label": "St. Lucia",
    "name": "St. Lucia"
  },
  {
    "code": "MF",
    "label": "St. Martin",
    "name": "St. Martin"
  },
  {
    "code": "PM",
    "label": "St. Pierre &amp; Miquelon",
    "name": "St. Pierre & Miquelon"
  },
  {
    "code": "VC",
    "label": "St. Vincent &amp; Grenadines",
    "name": "St. Vincent & Grenadines"
  },
  {
    "code": "SD",
    "label": "Sudan",
    "name": "Sudan"
  },
  {
    "code": "SR",
    "label": "Suriname",
    "name": "Suriname"
  },
  {
    "code": "SJ",
    "label": "Svalbard &amp; Jan Mayen",
    "name": "Svalbard & Jan Mayen"
  },
  {
    "code": "SE",
    "label": "Sweden",
    "name": "Sweden"
  },
  {
    "code": "CH",
    "label": "Switzerland",
    "name": "Switzerland"
  },
  {
    "code": "SY",
    "label": "Syria",
    "name": "Syria"
  },
  {
    "code": "TW",
    "label": "Taiwan",
    "name": "Taiwan"
  },
  {
    "code": "TJ",
    "label": "Tajikistan",
    "name": "Tajikistan"
  },
  {
    "code": "TZ",
    "label": "Tanzania",
    "name": "Tanzania"
  },
  {
    "code": "TH",
    "label": "Thailand",
    "name": "Thailand"
  },
  {
    "code": "TL",
    "label": "Timor-Leste",
    "name": "Timor-Leste"
  },
  {
    "code": "TG",
    "label": "Togo",
    "name": "Togo"
  },
  {
    "code": "TK",
    "label": "Tokelau",
    "name": "Tokelau"
  },
  {
    "code": "TO",
    "label": "Tonga",
    "name": "Tonga"
  },
  {
    "code": "TT",
    "label": "Trinidad &amp; Tobago",
    "name": "Trinidad & Tobago"
  },
  {
    "code": "TN",
    "label": "Tunisia",
    "name": "Tunisia"
  },
  {
    "code": "TR",
    "label": "Turkey",
    "name": "Turkey"
  },
  {
    "code": "TM",
    "label": "Turkmenistan",
    "name": "Turkmenistan"
  },
  {
    "code": "TC",
    "label": "Turks &amp; Caicos Islands",
    "name": "Turks & Caicos Islands"
  },
  {
    "code": "TV",
    "label": "Tuvalu",
    "name": "Tuvalu"
  },
  {
    "code": "UM",
    "label": "U.S. Outlying Islands",
    "name": "U.S. Outlying Islands"
  },
  {
    "code": "VI",
    "label": "U.S. Virgin Islands",
    "name": "U.S. Virgin Islands"
  },
  {
    "code": "UG",
    "label": "Uganda",
    "name": "Uganda"
  },
  {
    "code": "UA",
    "label": "Ukraine",
    "name": "Ukraine"
  },
  {
    "code": "US",
    "label": "United States",
    "countrycted": "",
    "#text": "United States"
  },
  {
    "code": "AE",
    "label": "United Arab Emirates",
    "name": "United Arab Emirates"
  },
  {
    "code": "GB",
    "label": "United Kingdom",
    "name": "United Kingdom"
  },
  {
    "code": "UY",
    "label": "Uruguay",
    "name": "Uruguay"
  },
  {
    "code": "UZ",
    "label": "Uzbekistan",
    "name": "Uzbekistan"
  },
  {
    "code": "VU",
    "label": "Vanuatu",
    "name": "Vanuatu"
  },
  {
    "code": "VA",
    "label": "Vatican City",
    "name": "Vatican City"
  },
  {
    "code": "VE",
    "label": "Venezuela",
    "name": "Venezuela"
  },
  {
    "code": "VN",
    "label": "Vietnam",
    "name": "Vietnam"
  },
  {
    "code": "WF",
    "label": "Wallis &amp; Futuna",
    "name": "Wallis & Futuna"
  },
  {
    "code": "EH",
    "label": "Western Sahara",
    "name": "Western Sahara"
  },
  {
    "code": "YE",
    "label": "Yemen",
    "name": "Yemen"
  },
  {
    "code": "ZM",
    "label": "Zambia",
    "name": "Zambia"
  },
  {
    "code": "ZW",
    "label": "Zimbabwe",
    "name": "Zimbabwe"
  }
]
